embedding,chunker,n_chunks,retriever,hit@1,hit@3,hit@5,MRR,ctx_chars,latency_ms
all-MiniLM-L6-v2,page,65,hybrid+rerank,0.571,1.0,1.0,0.774,14411,4189.3
bge-small-en-v1.5,page,65,dense+rerank,0.571,1.0,1.0,0.762,14330,4200.6
bge-small-en-v1.5,page,65,hybrid+rerank,0.571,1.0,1.0,0.762,14705,4178.0
bge-small-en-v1.5,section_800,389,hybrid+rerank,0.5,0.857,0.929,0.669,3680,1974.8
all-MiniLM-L6-v2,page,65,dense+rerank,0.571,0.786,0.786,0.667,14350,5162.0
all-MiniLM-L6-v2,section_800,389,hybrid+rerank,0.5,0.857,1.0,0.66,3718,1795.6
bge-small-en-v1.5,section_800_nohdr,389,hybrid+rerank,0.5,0.786,0.929,0.651,3500,1841.8
all-MiniLM-L6-v2,section_800_nohdr,389,hybrid+rerank,0.5,0.714,0.929,0.642,3529,1684.6
all-MiniLM-L6-v2,section_800_nohdr,389,bm25,0.429,0.714,1.0,0.636,3591,0.9
all-MiniLM-L6-v2,page,65,bm25,0.5,0.714,0.857,0.627,18747,0.3
all-MiniLM-L6-v2,section_1200,273,hybrid+rerank,0.357,0.786,1.0,0.621,4716,2839.5
bge-small-en-v1.5,section_1200,273,hybrid+rerank,0.357,0.786,1.0,0.621,4838,2821.1
all-MiniLM-L6-v2,fixed_1200,240,hybrid+rerank,0.357,0.857,1.0,0.615,4773,2582.2
bge-small-en-v1.5,fixed_1200,240,hybrid+rerank,0.357,0.857,0.929,0.613,4765,2614.7
bge-small-en-v1.5,page,65,hybrid,0.357,0.857,1.0,0.607,16182,25.5
all-MiniLM-L6-v2,section_800,389,bm25,0.357,0.786,0.929,0.607,3813,0.8
bge-small-en-v1.5,fixed_800,359,hybrid+rerank,0.429,0.786,0.929,0.604,3549,1844.3
all-MiniLM-L6-v2,section_1200,273,hybrid,0.429,0.714,0.857,0.592,5270,15.3
all-MiniLM-L6-v2,fixed_800,359,bm25,0.357,0.857,0.929,0.589,3674,0.7
all-MiniLM-L6-v2,fixed_800,359,hybrid+rerank,0.429,0.643,0.929,0.588,3497,1655.4
all-MiniLM-L6-v2,section_800_nohdr,389,hybrid,0.429,0.714,0.857,0.583,3566,14.4
bge-small-en-v1.5,section_800_nohdr,389,dense+rerank,0.5,0.643,0.714,0.574,3412,1857.0
bge-small-en-v1.5,section_800,389,hybrid,0.5,0.643,0.714,0.574,3658,27.6
all-MiniLM-L6-v2,fixed_800,359,hybrid,0.357,0.714,0.929,0.562,3664,14.2
all-MiniLM-L6-v2,fixed_500,534,hybrid,0.357,0.857,0.857,0.56,2205,14.8
all-MiniLM-L6-v2,section_800,389,hybrid,0.357,0.714,0.857,0.552,3805,16.4
all-MiniLM-L6-v2,fixed_1200,240,bm25,0.286,0.857,0.929,0.542,5502,0.6
all-MiniLM-L6-v2,section_1200,273,bm25,0.286,0.786,0.929,0.536,5464,0.6
all-MiniLM-L6-v2,section_800_nohdr,389,dense+rerank,0.429,0.571,0.786,0.535,3444,1686.7
bge-small-en-v1.5,section_800_nohdr,389,hybrid,0.429,0.571,0.714,0.529,3491,26.0
bge-small-en-v1.5,section_800,389,dense+rerank,0.429,0.643,0.714,0.526,3543,2052.2
all-MiniLM-L6-v2,fixed_1200,240,hybrid,0.286,0.714,0.857,0.52,5051,14.1
bge-small-en-v1.5,fixed_800,359,dense+rerank,0.429,0.571,0.714,0.52,3463,1864.2
all-MiniLM-L6-v2,section_800,389,dense+rerank,0.357,0.714,0.786,0.502,3715,1817.1
bge-small-en-v1.5,fixed_800,359,hybrid,0.357,0.571,0.714,0.493,3655,31.3
bge-small-en-v1.5,fixed_1200,240,hybrid,0.357,0.643,0.643,0.488,5143,25.7
all-MiniLM-L6-v2,fixed_500,534,hybrid+rerank,0.214,0.714,0.929,0.475,2142,1018.1
bge-small-en-v1.5,fixed_500,534,hybrid+rerank,0.214,0.714,0.929,0.475,2199,1045.2
all-MiniLM-L6-v2,fixed_500,534,bm25,0.143,0.786,0.929,0.469,2222,0.9
all-MiniLM-L6-v2,fixed_800,359,dense+rerank,0.357,0.5,0.714,0.467,3429,1691.7
all-MiniLM-L6-v2,fixed_1200,240,dense+rerank,0.286,0.643,0.714,0.467,4343,2550.4
all-MiniLM-L6-v2,page,65,dense,0.429,0.5,0.5,0.464,9057,13.3
bge-small-en-v1.5,fixed_1200,240,dense+rerank,0.286,0.643,0.643,0.452,4613,2626.3
bge-small-en-v1.5,fixed_500,534,hybrid,0.214,0.714,0.857,0.449,2198,28.4
all-MiniLM-L6-v2,section_1200,273,dense+rerank,0.214,0.643,0.786,0.449,4514,2704.1
bge-small-en-v1.5,page,65,dense,0.357,0.5,0.643,0.449,12269,25.6
all-MiniLM-L6-v2,page,65,hybrid,0.214,0.643,0.786,0.437,17752,16.2
bge-small-en-v1.5,section_1200,273,hybrid,0.214,0.643,0.714,0.431,5182,25.8
bge-small-en-v1.5,fixed_500,534,dense+rerank,0.214,0.571,0.714,0.405,2201,1069.2
all-MiniLM-L6-v2,fixed_500,534,dense+rerank,0.214,0.571,0.714,0.401,2172,1056.6
bge-small-en-v1.5,section_1200,273,dense+rerank,0.214,0.571,0.643,0.399,4784,2856.5
all-MiniLM-L6-v2,fixed_1200,240,dense,0.286,0.429,0.571,0.377,3784,13.6
all-MiniLM-L6-v2,section_800_nohdr,389,dense,0.286,0.357,0.571,0.356,3270,15.0
all-MiniLM-L6-v2,fixed_500,534,dense,0.214,0.429,0.643,0.351,2107,13.3
all-MiniLM-L6-v2,section_1200,273,dense,0.214,0.429,0.571,0.342,4166,14.0
bge-small-en-v1.5,fixed_1200,240,dense,0.214,0.429,0.571,0.33,4555,24.9
bge-small-en-v1.5,section_1200,273,dense,0.214,0.429,0.5,0.327,4345,24.8
bge-small-en-v1.5,section_800,389,dense,0.286,0.357,0.429,0.327,3284,25.1
bge-small-en-v1.5,section_800_nohdr,389,dense,0.286,0.357,0.429,0.324,3112,25.2
bge-small-en-v1.5,fixed_800,359,dense,0.286,0.286,0.429,0.318,3234,25.7
all-MiniLM-L6-v2,fixed_800,359,dense,0.214,0.357,0.571,0.308,3257,13.4
all-MiniLM-L6-v2,section_800,389,dense,0.214,0.357,0.429,0.304,3389,13.7
bge-small-en-v1.5,fixed_500,534,dense,0.143,0.286,0.429,0.25,2087,26.4
